{
  "kind": "singleType",
  "collectionName": "kollams",
  "info": {
    "singularName": "kollam",
    "pluralName": "kollams",
    "displayName": "Kollam",
    "description": ""
  },
  "options": {
    "draftAndPublish": true
  },
  "attributes": {
    "Home": {
      "type": "component",
      "repeatable": false,
      "component": "home.home"
    },
    "Downloads": {
      "type": "component",
      "repeatable": false,
      "component": "download.form"
    },
    "Facilities": {
      "type": "dynamiczone",
      "components": [
        "facilities.women-cell",
        "facilities.other-activities",
        "facilities.library",
        "facilities.industry-tie-ups",
        "facilities.hostel"
      ]
    },
    "Trainees": {
      "type": "dynamiczone",
      "components": [
        "trainees.trainees-list",
        "trainees.trainees-council",
        "trainees.results",
        "trainees.nss",
        "trainees.alumni",
        "trainees.activities",
        "trainees.achievements"
      ]
    },
    "Grievance": {
      "type": "component",
      "repeatable": false,
      "component": "grievance.grievance"
    },
    "items_check": {
      "type": "string"
    },
    "Academics": {
      "type": "dynamiczone",
      "components": [
        "academics.stt",
        "academics.pmkvy",
        "academics.cts-program"
      ]
    }
  }
}