{
  "collectionName": "components_admission_user_manuals",
  "info": {
    "displayName": "UserManual",
    "description": ""
  },
  "options": {},
  "attributes": {
    "Description": {
      "type": "component",
      "repeatable": false,
      "component": "shared.description"
    },
    "heading": {
      "type": "string"
    },
    "SCVT": {
      "type": "media",
      "multiple": false,
      "required": false,
      "allowedTypes": [
        "images",
        "files",
        "videos",
        "audios"
      ]
    },
    "NCVT": {
      "type": "media",
      "multiple": false,
      "required": false,
      "allowedTypes": [
        "images",
        "files",
        "videos",
        "audios"
      ]
    }
  }
}
