{
  "collectionName": "components_institute_ptas",
  "info": {
    "displayName": "PTA"
  },
  "options": {},
  "attributes": {
    "Description": {
      "type": "component",
      "repeatable": true,
      "component": "shared.description"
    },
    "Announcements": {
      "type": "component",
      "repeatable": true,
      "component": "shared.announcements"
    },
    "Data": {
      "displayName": "PTAList",
      "type": "component",
      "repeatable": true,
      "component": "shared.pta-list"
    }
  }
}
