{
  "kind": "collectionType",
  "collectionName": "itis",
  "info": {
    "singularName": "iti",
    "pluralName": "itis",
    "displayName": "ITI",
    "description": ""
  },
  "options": {
    "draftAndPublish": true
  },
  "attributes": {
    "name": {
      "type": "string"
    },
    "user": {
      "type": "relation",
      "relation": "oneToOne",
      "target": "plugin::users-permissions.user",
      "inversedBy": "iti"
    },
    "bnb": {
      "type": "richtext"
    },
    "trade": {
      "type": "uid",
      "targetField": "name"
    }
  }
}
