[
  {
    "label": "Attingal",
    "value": "Attingal",
    "uid": "api::attingal.attingal",
    "description": "",
    "created": true,
    "created_date": "2025-06-12T05:28:49.916Z",
    "last_updated_date": "2025-06-12T05:28:49.916Z"
  },
  {
    "label": "Chackai",
    "value": "Chackai",
    "uid": "api::chackai.chackai",
    "description": "",
    "created": true,
    "created_date": "2025-04-23T10:05:07.444Z",
    "last_updated_date": "2025-06-09T07:23:49.163Z"
  },
  {
    "label": "Dhanuvachapuram",
    "value": "Dhanuvachapuram",
    "uid": "api::dhanuvachapuram.dhanuvachapuram",
    "description": "",
    "created": true
  },
  {
    "label": "Kollam",
    "value": "Kollam",
    "uid": "api::kollam.kollam",
    "description": "",
    "created": true
  },
  {
    "label": "Ranni",
    "value": "Ranni",
    "uid": "api::ranni.ranni",
    "description": "",
    "created": true
  },
  {
    "label": "W-kazhakkuttom",
    "value": "W-kazhakkuttom",
    "uid": "api::w-kazhakkuttom.w-kazhakkuttom",
    "description": "",
    "created": true
  },
  {
    "label": "NAYINARUPILLAI MEMORIAL GOVT. ITI ARYANAD",
    "value": "nayinarupillai memorial govt. aryanad",
    "description": "",
    "uid": "Not Created",
    "created": false
  },
  {
    "label": "ITI (W) PARASSALA",
    "value": "(w) parassala",
    "description": "",
    "uid": "Not Created",
    "created": false
  },
  {
    "label": "ITI MALAYINKEEZHU",
    "value": "malayinkeezhu",
    "description": "",
    "uid": "Not Created",
    "created": false
  },
  {
    "label": "ITI VAMANAPURAM",
    "value": "vamanapuram",
    "description": "",
    "uid": "Not Created",
    "created": false
  },
  {
    "label": "ITI VARKKALA",
    "value": "varkkala",
    "description": "",
    "uid": "Not Created",
    "created": false
  },
  {
    "label": "ITI (W) KOLLAM",
    "value": "(w) kollam",
    "description": "",
    "uid": "Not Created",
    "created": false
  },
  {
    "label": "ITI CHATHANNOOR",
    "value": "chathannoor",
    "description": "",
    "uid": "Not Created",
    "created": false
  },
  {
    "label": "ITI ELAMAD",
    "value": "elamad",
    "description": "",
    "uid": "Not Created",
    "created": false
  },
  {
    "label": "ITI THEVALAKKARA",
    "value": "thevalakkara",
    "description": "",
    "uid": "Not Created",
    "created": false
  },
  {
    "label": "ITI CHADAYAMANGALAM",
    "value": "chadayamangalam",
    "description": "",
    "uid": "Not Created",
    "created": false
  },
  {
    "label": "ITI KOTTARAKKARA",
    "value": "kottarakkara",
    "description": "",
    "uid": "Not Created",
    "created": false
  },
  {
    "label": "ITI MAYYANAD",
    "value": "mayyanad",
    "description": "",
    "uid": "Not Created",
    "created": false
  },
  {
    "label": "ITI CHENNEERKKARA",
    "value": "chenneerkkara",
    "description": "",
    "uid": "Not Created",
    "created": false
  },
  {
    "label": "ITI (W) MEZHUVELI",
    "value": "(w) mezhuveli",
    "description": "",
    "uid": "Not Created",
    "created": false
  },
  {
    "label": "ITI CHENGANNUR",
    "value": "chengannur",
    "description": "",
    "uid": "Not Created",
    "created": false
  },
  {
    "label": "ITI (W) CHENGANNUR",
    "value": "(w) chengannur",
    "description": "",
    "uid": "Not Created",
    "created": false
  },
  {
    "label": "ITI PURAKKAD",
    "value": "purakkad",
    "description": "",
    "uid": "Not Created",
    "created": false
  },
  {
    "label": "ITI KAYAMKULAM",
    "value": "kayamkulam",
    "description": "",
    "uid": "Not Created",
    "created": false
  },
  {
    "label": "ITI VAYALAR",
    "value": "vayalar",
    "description": "",
    "uid": "Not Created",
    "created": false
  },
  {
    "label": "ITI PALLIPAD",
    "value": "pallipad",
    "description": "",
    "uid": "Not Created",
    "created": false
  },
  {
    "label": "ITI ETTUMANOOR",
    "value": "ettumanoor",
    "description": "",
    "uid": "Not Created",
    "created": false
  },
  {
    "label": "PT CHACKO MEMORIAL GOVT. ITI PALLICKATHODE",
    "value": "pt chacko memorial govt. pallickathode",
    "description": "",
    "uid": "Not Created",
    "created": false
  },
  {
    "label": "ITI PERUVA",
    "value": "peruva",
    "description": "",
    "uid": "Not Created",
    "created": false
  },
  {
    "label": "ITI THIRUVARPPU",
    "value": "thiruvarppu",
    "description": "",
    "uid": "Not Created",
    "created": false
  },
  {
    "label": "ITI (W) CHANGANASSERI",
    "value": "(w) changanasseri",
    "description": "",
    "uid": "Not Created",
    "created": false
  },
  {
    "label": "ITI KATTAPPANA",
    "value": "kattappana",
    "description": "",
    "uid": "Not Created",
    "created": false
  },
  {
    "label": "ITI RAJAKKAD",
    "value": "rajakad",
    "description": "",
    "uid": "Not Created",
    "created": false
  },
  {
    "label": "ITI IDUKKI KANJIKUZHI",
    "value": "idukki kanjikuzhi",
    "description": "",
    "uid": "Not Created",
    "created": false
  },
  {
    "label": "ITI CHITHIRAPURAM",
    "value": "chithirapuram",
    "description": "",
    "uid": "Not Created",
    "created": false
  },
  {
    "label": "ITI KALAMASSERY",
    "value": "kalamassery",
    "description": "",
    "uid": "Not Created",
    "created": false
  },
  {
    "label": "ITI (W) KALAMASSERY",
    "value": "(w) kalamassery",
    "description": "",
    "uid": "Not Created",
    "created": false
  },
  {
    "label": "ITI MANEED",
    "value": "maneed",
    "description": "",
    "uid": "Not Created",
    "created": false
  },
  {
    "label": "ITI ARAKKUZHA",
    "value": "arakkuzha",
    "description": "",
    "uid": "Not Created",
    "created": false
  },
  {
    "label": "ITI MARADU",
    "value": "maradu",
    "description": "",
    "uid": "Not Created",
    "created": false
  },
  {
    "label": "ITI VENGOOR",
    "value": "vengoor",
    "description": "",
    "uid": "Not Created",
    "created": false
  },
  {
    "label": "ITI THURAVOOR",
    "value": "thuravoor",
    "description": "",
    "uid": "Not Created",
    "created": false
  },
  {
    "label": "ITI CHALAKKUDY",
    "value": "chalakkudy",
    "description": "",
    "uid": "Not Created",
    "created": false
  },
  {
    "label": "ITI (W) CHALAKKUDY",
    "value": "(w) chalakkudy",
    "description": "",
    "uid": "Not Created",
    "created": false
  },
  {
    "label": "K.KARUNAKARAN SMARAKA GOVT. ITI MALA",
    "value": "k.karunakaran smaraka govt. mala",
    "description": "",
    "uid": "Not Created",
    "created": false
  },
  {
    "label": "ITI DESAMANGALAM",
    "value": "desamangalam",
    "description": "",
    "uid": "Not Created",
    "created": false
  },
  {
    "label": "ITI ERIYADU",
    "value": "eriyadu",
    "description": "",
    "uid": "Not Created",
    "created": false
  },
  {
    "label": "ITI CHERPPU",
    "value": "cherppu",
    "description": "",
    "uid": "Not Created",
    "created": false
  },
  {
    "label": "ITI MANALOOR",
    "value": "manaloor",
    "description": "",
    "uid": "Not Created",
    "created": false
  },
  {
    "label": "ITI MALAMPUZHA",
    "value": "malampuzha",
    "description": "",
    "uid": "Not Created",
    "created": false
  },
  {
    "label": "ITI (W) MALAMPUZHA",
    "value": "(w) malampuzha",
    "description": "",
    "uid": "Not Created",
    "created": false
  },
  {
    "label": "ITI KUZHALMANNAM",
    "value": "kuzhalmannam",
    "description": "",
    "uid": "Not Created",
    "created": false
  },
  {
    "label": "ITI ATTAPPADY",
    "value": "attappady",
    "description": "",
    "uid": "Not Created",
    "created": false
  },
  {
    "label": "ITI VANIYAMKULAM",
    "value": "vaniyamkulam",
    "description": "",
    "uid": "Not Created",
    "created": false
  },
  {
    "label": "ITI ELUMBALASSERY ( Lt Coll Niranjan Memorial ITI)",
    "value": "elumbalassery ( lt coll niranjan memorial )",
    "description": "",
    "uid": "Not Created",
    "created": false
  },
  {
    "label": "ITI NENMARA",
    "value": "nenmara",
    "description": "",
    "uid": "Not Created",
    "created": false
  },
  {
    "label": "ITI KOZHINJAMPARA",
    "value": "kozhinjampara",
    "description": "",
    "uid": "Not Created",
    "created": false
  },
  {
    "label": "ITI PERUMATTY",
    "value": "perumatty",
    "description": "",
    "uid": "Not Created",
    "created": false
  },
  {
    "label": "ITI AREACODE",
    "value": "areacode",
    "description": "",
    "uid": "Not Created",
    "created": false
  },
  {
    "label": "ITI NILAMBUR",
    "value": "nilambur",
    "description": "",
    "uid": "Not Created",
    "created": false
  },
  {
    "label": "ITI MARANCHERY",
    "value": "maranchery",
    "description": "",
    "uid": "Not Created",
    "created": false
  },
  {
    "label": "ITI PUZHAKKATTIRI",
    "value": "puzhakkattiri",
    "description": "",
    "uid": "Not Created",
    "created": false
  },
  {
    "label": "ITI CHERIYAMUNDOM",
    "value": "cheriyamundom",
    "description": "",
    "uid": "Not Created",
    "created": false
  },
  {
    "label": "ITI(W)THAZHEKODE",
    "value": "(w)thazhekode",
    "description": "",
    "uid": "Not Created",
    "created": false
  },
  {
    "label": "ITI KOZHIKODE",
    "value": "kozhikode",
    "description": "",
    "uid": "Not Created",
    "created": false
  },
  {
    "label": "ITI (W) KOZHIKODE",
    "value": "(w) kozhikode",
    "description": "",
    "uid": "Not Created",
    "created": false
  },
  {
    "label": "ITI KOYILANDY",
    "value": "koyilandy",
    "description": "",
    "uid": "Not Created",
    "created": false
  },
  {
    "label": "ITI BEPPUR",
    "value": "beppur",
    "description": "",
    "uid": "Not Created",
    "created": false
  },
  {
    "label": "ITI VALAYAM",
    "value": "valayam",
    "description": "",
    "uid": "Not Created",
    "created": false
  },
  {
    "label": "ITI MANIYOOR",
    "value": "maniyoor",
    "description": "",
    "uid": "Not Created",
    "created": false
  },
  {
    "label": "ITI THIRUVAMBADI",
    "value": "thiruvambadi",
    "description": "",
    "uid": "Not Created",
    "created": false
  },
  {
    "label": "ITI VADAKARA RESIDENTIAL",
    "value": "vadakara residential",
    "description": "",
    "uid": "Not Created",
    "created": false
  },
  {
    "label": "ITI KODUVALLY",
    "value": "koduvally",
    "description": "",
    "uid": "Not Created",
    "created": false
  },
  {
    "label": "ITI NARIPETTA",
    "value": "naripetta",
    "description": "",
    "uid": "Not Created",
    "created": false
  },
  {
    "label": "ITI PERAMBRA",
    "value": "perambra",
    "description": "",
    "uid": "Not Created",
    "created": false
  },
  {
    "label": "ITI CHATHAMANGALAM",
    "value": "chathamangalam",
    "description": "",
    "uid": "Not Created",
    "created": false
  },
  {
    "label": "KRISHNA MOHAN MEMORIAL ITI KALPETTA",
    "value": "krishna mohan memorial kalpetta",
    "description": "",
    "uid": "Not Created",
    "created": false
  },
  {
    "label": "ITI (W) NENMENI",
    "value": "(w) nenmeni",
    "description": "",
    "uid": "Not Created",
    "created": false
  },
  {
    "label": "ITI VELLAMUNDA",
    "value": "vellamunda",
    "description": "",
    "uid": "Not Created",
    "created": false
  },
  {
    "label": "ITI KANNUR",
    "value": "kannur",
    "description": "",
    "uid": "Not Created",
    "created": false
  },
  {
    "label": "ITI (W) KANNUR",
    "value": "(w) kannur",
    "description": "",
    "uid": "Not Created",
    "created": false
  },
  {
    "label": "ITI MADAYI",
    "value": "madayi",
    "description": "",
    "uid": "Not Created",
    "created": false
  },
  {
    "label": "ITI PERAVOOR",
    "value": "peravoor",
    "description": "",
    "uid": "Not Created",
    "created": false
  },
  {
    "label": "ITI KURUMATHOOR",
    "value": "kurumathoor",
    "description": "",
    "uid": "Not Created",
    "created": false
  },
  {
    "label": "ITI KUTHUPARAMBA",
    "value": "kuthuparamba",
    "description": "",
    "uid": "Not Created",
    "created": false
  },
  {
    "label": "ITI PERINGOME",
    "value": "peringome",
    "description": "",
    "uid": "Not Created",
    "created": false
  },
  {
    "label": "ITI PINARAYI",
    "value": "pinarayi",
    "description": "",
    "uid": "Not Created",
    "created": false
  },
  {
    "label": "ITI PADIYOOR",
    "value": "padiyoor",
    "description": "",
    "uid": "Not Created",
    "created": false
  },
  {
    "label": "ITI PANNIYANNORE",
    "value": "panniyannore",
    "description": "",
    "uid": "Not Created",
    "created": false
  },
  {
    "label": "ITI KASARAGOD",
    "value": "kasaragod",
    "description": "",
    "uid": "Not Created",
    "created": false
  },
  {
    "label": "E.K NAYANAR MEMORIAL GOVT. ITI KAYYUR",
    "value": "e.k nayanar memorial govt. kayyur",
    "description": "",
    "uid": "Not Created",
    "created": false
  },
  {
    "label": "ITI PULLUR",
    "value": "pullur",
    "description": "",
    "uid": "Not Created",
    "created": false
  },
  {
    "label": "ITI MADIKKAI",
    "value": "madikkai",
    "description": "",
    "uid": "Not Created",
    "created": false
  },
  {
    "label": "ITI SEETHAMGOLI",
    "value": "seethamgoli",
    "description": "",
    "uid": "Not Created",
    "created": false
  },
  {
    "label": "BABY JOHN MEMORIAL ITI (W) WEST ELERI",
    "value": "baby john memorial (w) west eleri",
    "description": "",
    "uid": "Not Created",
    "created": false
  },
  {
    "label": "ITI KODOM-BELOOR",
    "value": "kodom-beloor",
    "description": "",
    "uid": "Not Created",
    "created": false
  },
  {
    "label": "ITI KUTTIKKOL",
    "value": "kuttikkol",
    "description": "",
    "uid": "Not Created",
    "created": false
  },
  {
    "label": "ITI PEELIKKODU",
    "value": "peelikkodu",
    "description": "",
    "uid": "Not Created",
    "created": false
  },
  {
    "label": "ITI PORUVAZHY",
    "value": "poruvazhy",
    "description": "",
    "uid": "Not Created",
    "created": false
  },
  {
    "label": "ITI KULATHUPUZHA",
    "value": "kulathupuzha",
    "description": "",
    "uid": "Not Created",
    "created": false
  },
  {
    "label": "ITI KARUNAPURAM",
    "value": "karunapuram",
    "description": "",
    "uid": "Not Created",
    "created": false
  },
  {
    "label": "ITI ELAPPARA",
    "value": "elappara",
    "description": "",
    "uid": "Not Created",
    "created": false
  },
  {
    "label": "ITI VAZHAKKAD",
    "value": "vazhakkad",
    "description": "",
    "uid": "Not Created",
    "created": false
  },
  {
    "label": "ITI PEECHI",
    "value": "peechi",
    "description": "",
    "uid": "Not Created",
    "created": false
  },
  {
    "label": "ITI NAGALASSERY",
    "value": "nagalassery",
    "description": "",
    "uid": "Not Created",
    "created": false
  },
  {
    "label": "ITI CHALAI",
    "value": "chalai",
    "description": "",
    "uid": "Not Created",
    "created": false
  }
]
