[
  {
    "id": 1,
    "name": "ITI DHANUVACHAPURAM",
    "value": "dhanuvachapuram"
  },
  {
    "id": 2,
    "name": "ITI CHACKAI",
    "value": "chackai"
  },
  {
    "id": 3,
    "name": "ITI ATTINGAL",
    "value": "attingal"
  },
  {
    "id": 4,
    "name": "NAYINARUPILLAI MEMORIAL GOVT. ITI ARYANAD",
    "value": "nayinarupillai memorial govt. aryanad"
  },
  {
    "id": 5,
    "name": "ITI (W) KAZHAKKUTTOM",
    "value": "w-kazhakkuttom"
  },
  {
    "id": 6,
    "name": "ITI (W) PARASSALA",
    "value": "(w) parassala"
  },
  {
    "id": 7,
    "name": "ITI MALAYINKEEZHU",
    "value": "malayinkeezhu"
  },
  {
    "id": 8,
    "name": "ITI VAMANAPURAM",
    "value": "vamanapuram"
  },
  {
    "id": 9,
    "name": "ITI VARKKALA",
    "value": "varkkala"
  },
  {
    "id": 10,
    "name": "ITI KOLLAM",
    "value": "kollam"
  },
  {
    "id": 11,
    "name": "ITI (W) KOLLAM",
    "value": "(w) kollam"
  },
  {
    "id": 12,
    "name": "ITI CHATHANNOOR",
    "value": "chathannoor"
  },
  {
    "id": 13,
    "name": "ITI ELAMAD",
    "value": "elamad"
  },
  {
    "id": 14,
    "name": "ITI THEVALAKKARA",
    "value": "thevalakkara"
  },
  {
    "id": 15,
    "name": "ITI CHADAYAMANGALAM",
    "value": "chadayamangalam"
  },
  {
    "id": 16,
    "name": "ITI KOTTARAKKARA",
    "value": "kottarakkara"
  },
  {
    "id": 17,
    "name": "ITI MAYYANAD",
    "value": "mayyanad"
  },
  {
    "id": 18,
    "name": "ITI CHENNEERKKARA",
    "value": "chenneerkkara"
  },
  {
    "id": 19,
    "name": "ITI (W) MEZHUVELI",
    "value": "(w) mezhuveli"
  },
  {
    "id": 20,
    "name": "ITI RANNI",
    "value": "ranni"
  },
  {
    "id": 21,
    "name": "ITI CHENGANNUR",
    "value": "chengannur"
  },
  {
    "id": 22,
    "name": "ITI (W) CHENGANNUR",
    "value": "(w) chengannur"
  },
  {
    "id": 23,
    "name": "ITI PURAKKAD",
    "value": "purakkad"
  },
  {
    "id": 24,
    "name": "ITI KAYAMKULAM",
    "value": "kayamkulam"
  },
  {
    "id": 25,
    "name": "ITI VAYALAR",
    "value": "vayalar"
  },
  {
    "id": 26,
    "name": "ITI PALLIPAD",
    "value": "pallipad"
  },
  {
    "id": 27,
    "name": "ITI ETTUMANOOR",
    "value": "ettumanoor"
  },
  {
    "id": 28,
    "name": "PT CHACKO MEMORIAL GOVT. ITI PALLICKATHODE",
    "value": "pt chacko memorial govt. pallickathode"
  },
  {
    "id": 29,
    "name": "ITI PERUVA",
    "value": "peruva"
  },
  {
    "id": 30,
    "name": "ITI THIRUVARPPU",
    "value": "thiruvarppu"
  },
  {
    "id": 31,
    "name": "ITI (W) CHANGANASSERI",
    "value": "(w) changanasseri"
  },
  {
    "id": 32,
    "name": "ITI KATTAPPANA",
    "value": "kattappana"
  },
  {
    "id": 33,
    "name": "ITI RAJAKKAD",
    "value": "rajakad"
  },
  {
    "id": 34,
    "name": "ITI IDUKKI KANJIKUZHI",
    "value": "idukki kanjikuzhi"
  },
  {
    "id": 35,
    "name": "ITI CHITHIRAPURAM",
    "value": "chithirapuram"
  },
  {
    "id": 36,
    "name": "ITI KALAMASSERY",
    "value": "kalamassery"
  },
  {
    "id": 37,
    "name": "ITI (W) KALAMASSERY",
    "value": "(w) kalamassery"
  },
  {
    "id": 38,
    "name": "ITI MANEED",
    "value": "maneed"
  },
  {
    "id": 39,
    "name": "ITI ARAKKUZHA",
    "value": "arakkuzha"
  },
  {
    "id": 40,
    "name": "ITI MARADU",
    "value": "maradu"
  },
  {
    "id": 41,
    "name": "ITI VENGOOR",
    "value": "vengoor"
  },
  {
    "id": 42,
    "name": "ITI THURAVOOR",
    "value": "thuravoor"
  },
  {
    "id": 43,
    "name": "ITI CHALAKKUDY",
    "value": "chalakkudy"
  },
  {
    "id": 44,
    "name": "ITI (W) CHALAKKUDY",
    "value": "(w) chalakkudy"
  },
  {
    "id": 45,
    "name": "K.KARUNAKARAN SMARAKA GOVT. ITI MALA",
    "value": "k.karunakaran smaraka govt. mala"
  },
  {
    "id": 46,
    "name": "ITI DESAMANGALAM",
    "value": "desamangalam"
  },
  {
    "id": 47,
    "name": "ITI ERIYADU",
    "value": "eriyadu"
  },
  {
    "id": 48,
    "name": "ITI CHERPPU",
    "value": "cherppu"
  },
  {
    "id": 49,
    "name": "ITI MANALOOR",
    "value": "manaloor"
  },
  {
    "id": 50,
    "name": "ITI MALAMPUZHA",
    "value": "malampuzha"
  },
  {
    "id": 51,
    "name": "ITI (W) MALAMPUZHA",
    "value": "(w) malampuzha"
  },
  {
    "id": 52,
    "name": "ITI KUZHALMANNAM",
    "value": "kuzhalmannam"
  },
  {
    "id": 53,
    "name": "ITI ATTAPPADY",
    "value": "attappady"
  },
  {
    "id": 54,
    "name": "ITI VANIYAMKULAM",
    "value": "vaniyamkulam"
  },
  {
    "id": 55,
    "name": "ITI ELUMBALASSERY ( Lt Coll Niranjan Memorial ITI)",
    "value": "elumbalassery ( lt coll niranjan memorial )"
  },
  {
    "id": 56,
    "name": "ITI NENMARA",
    "value": "nenmara"
  },
  {
    "id": 57,
    "name": "ITI KOZHINJAMPARA",
    "value": "kozhinjampara"
  },
  {
    "id": 58,
    "name": "ITI PERUMATTY",
    "value": "perumatty"
  },
  {
    "id": 59,
    "name": "ITI AREACODE",
    "value": "areacode"
  },
  {
    "id": 60,
    "name": "ITI NILAMBUR",
    "value": "nilambur"
  },
  {
    "id": 61,
    "name": "ITI MARANCHERY",
    "value": "maranchery"
  },
  {
    "id": 62,
    "name": "ITI PUZHAKKATTIRI",
    "value": "puzhakkattiri"
  },
  {
    "id": 63,
    "name": "ITI CHERIYAMUNDOM",
    "value": "cheriyamundom"
  },
  {
    "id": 64,
    "name": "ITI(W)THAZHEKODE",
    "value": "(w)thazhekode"
  },
  {
    "id": 65,
    "name": "ITI KOZHIKODE",
    "value": "kozhikode"
  },
  {
    "id": 66,
    "name": "ITI (W) KOZHIKODE",
    "value": "(w) kozhikode"
  },
  {
    "id": 67,
    "name": "ITI KOYILANDY",
    "value": "koyilandy"
  },
  {
    "id": 68,
    "name": "ITI BEPPUR",
    "value": "beppur"
  },
  {
    "id": 69,
    "name": "ITI VALAYAM",
    "value": "valayam"
  },
  {
    "id": 70,
    "name": "ITI MANIYOOR",
    "value": "maniyoor"
  },
  {
    "id": 71,
    "name": "ITI THIRUVAMBADI",
    "value": "thiruvambadi"
  },
  {
    "id": 72,
    "name": "ITI VADAKARA RESIDENTIAL",
    "value": "vadakara residential"
  },
  {
    "id": 73,
    "name": "ITI KODUVALLY",
    "value": "koduvally"
  },
  {
    "id": 74,
    "name": "ITI NARIPETTA",
    "value": "naripetta"
  },
  {
    "id": 75,
    "name": "ITI PERAMBRA",
    "value": "perambra"
  },
  {
    "id": 76,
    "name": "ITI CHATHAMANGALAM",
    "value": "chathamangalam"
  },
  {
    "id": 77,
    "name": "KRISHNA MOHAN MEMORIAL ITI KALPETTA",
    "value": "krishna mohan memorial kalpetta"
  },
  {
    "id": 78,
    "name": "ITI (W) NENMENI",
    "value": "(w) nenmeni"
  },
  {
    "id": 79,
    "name": "ITI VELLAMUNDA",
    "value": "vellamunda"
  },
  {
    "id": 80,
    "name": "ITI KANNUR",
    "value": "kannur"
  },
  {
    "id": 81,
    "name": "ITI (W) KANNUR",
    "value": "(w) kannur"
  },
  {
    "id": 82,
    "name": "ITI MADAYI",
    "value": "madayi"
  },
  {
    "id": 83,
    "name": "ITI PERAVOOR",
    "value": "peravoor"
  },
  {
    "id": 84,
    "name": "ITI KURUMATHOOR",
    "value": "kurumathoor"
  },
  {
    "id": 85,
    "name": "ITI KUTHUPARAMBA",
    "value": "kuthuparamba"
  },
  {
    "id": 86,
    "name": "ITI PERINGOME",
    "value": "peringome"
  },
  {
    "id": 87,
    "name": "ITI PINARAYI",
    "value": "pinarayi"
  },
  {
    "id": 88,
    "name": "ITI PADIYOOR",
    "value": "padiyoor"
  },
  {
    "id": 89,
    "name": "ITI PANNIYANNORE",
    "value": "panniyannore"
  },
  {
    "id": 90,
    "name": "ITI KASARAGOD",
    "value": "kasaragod"
  },
  {
    "id": 91,
    "name": "E.K NAYANAR MEMORIAL GOVT. ITI KAYYUR",
    "value": "e.k nayanar memorial govt. kayyur"
  },
  {
    "id": 92,
    "name": "ITI PULLUR",
    "value": "pullur"
  },
  {
    "id": 93,
    "name": "ITI MADIKKAI",
    "value": "madikkai"
  },
  {
    "id": 94,
    "name": "ITI SEETHAMGOLI",
    "value": "seethamgoli"
  },
  {
    "id": 95,
    "name": "BABY JOHN MEMORIAL ITI (W) WEST ELERI",
    "value": "baby john memorial (w) west eleri"
  },
  {
    "id": 96,
    "name": "ITI KODOM-BELOOR",
    "value": "kodom-beloor"
  },
  {
    "id": 97,
    "name": "ITI KUTTIKKOL",
    "value": "kuttikkol"
  },
  {
    "id": 98,
    "name": "ITI PEELIKKODU",
    "value": "peelikkodu"
  },
  {
    "id": 99,
    "name": "ITI PORUVAZHY",
    "value": "poruvazhy"
  },
  {
    "id": 100,
    "name": "ITI KULATHUPUZHA",
    "value": "kulathupuzha"
  },
  {
    "id": 101,
    "name": "ITI KARUNAPURAM",
    "value": "karunapuram"
  },
  {
    "id": 102,
    "name": "ITI ELAPPARA",
    "value": "elappara"
  },
  {
    "id": 103,
    "name": "ITI VAZHAKKAD",
    "value": "vazhakkad"
  },
  {
    "id": 104,
    "name": "ITI PEECHI",
    "value": "peechi"
  },
  {
    "id": 105,
    "name": "ITI NAGALASSERY",
    "value": "nagalassery"
  },
  {
    "id": 106,
    "name": "ITI CHALAI",
    "value": "chalai"
  }
]
