{
  "collectionName": "components_facilities_hostels",
  "info": {
    "displayName": "Hostel",
    "description": ""
  },
  "options": {},
  "attributes": {
    "Description": {
      "type": "component",
      "repeatable": false,
      "component": "shared.description"
    },
    "Rules": {
      "type": "component",
      "repeatable": true,
      "component": "shared.bullet-points"
    },
    "Facilities": {
      "type": "component",
      "repeatable": true,
      "component": "shared.bullet-points"
    }
  }
}
