{
  "collectionName": "components_trainees_alumni",
  "info": {
    "displayName": "Alumni",
    "description": ""
  },
  "options": {},
  "attributes": {
    "Description": {
      "type": "component",
      "repeatable": false,
      "component": "shared.description"
    },
    "Announcements": {
      "type": "component",
      "repeatable": true,
      "component": "shared.announcements"
    },
    "Data": {
      "displayName": "ALumniList",
      "type": "component",
      "repeatable": true,
      "component": "shared.a-lumni-list"
    }
  }
}
