{
  "collectionName": "components_trainees_trainees_councils",
  "info": {
    "displayName": "Trainees_Council"
  },
  "options": {},
  "attributes": {
    "Description": {
      "type": "component",
      "repeatable": false,
      "component": "shared.description"
    },
    "Announcements": {
      "type": "component",
      "repeatable": true,
      "component": "shared.announcements"
    },
    "Data": {
      "displayName": "TrainnesCouncilList",
      "type": "component",
      "repeatable": true,
      "component": "shared.trainnes-council-list"
    }
  }
}
