{
  "collectionName": "components_academics_stts",
  "info": {
    "displayName": "STT"
  },
  "options": {},
  "attributes": {
    "Description": {
      "type": "component",
      "repeatable": false,
      "component": "shared.description"
    },
    "Programs": {
      "type": "component",
      "repeatable": true,
      "component": "shared.bullet-points"
    },
    "ProgramGuildlines": {
      "type": "component",
      "repeatable": true,
      "component": "shared.bullet-points"
    }
  }
}
