{
  "collectionName": "components_shared_auctions",
  "info": {
    "displayName": "Auctions",
    "description": ""
  },
  "options": {},
  "attributes": {
    "Description": {
      "type": "component",
      "repeatable": false,
      "component": "shared.description"
    },
    "reference_number": {
      "type": "string"
    },
    "title": {
      "type": "string"
    },
    "date": {
      "type": "date"
    },
    "starting_bid": {
      "type": "string"
    },
    "location": {
      "type": "string"
    },
    "auction_status": {
      "type": "enumeration",
      "enum": [
        "upcoming",
        "completed",
        "cancelled"
      ]
    }
  }
}
